Table_Name,Column_Name,Attribute_Name,Definition,Column_Datatype,Display_Name
ofccp_cmplnc_evltn,ld_dt,Load Date Timestamp,Load Date Timestamp,date,No Label
ofccp_cmplnc_evltn,establishment_strret1,Establishment Street Address Line 1,The 1st portion of the Establishment Address location of the federal Contractor Facility that was evaluated,varchar(255),Establishment Address 1
ofccp_cmplnc_evltn,parent_company_street1,Parent Company Street Address Line 1,The 1st portion of the Parent Company Address location of the federal Contractor Facility that was evaluated,varchar(255),Parent Company Address 1
ofccp_cmplnc_evltn,establishment_street2,Establishment Street Address Line 2,The 2nd portion of the Establishment Address location of the federal Contractor Facility that was evaluated,varchar(255),Establishment Address 2
ofccp_cmplnc_evltn,parent_company_street2,Parent Company Street Address Line 2,The 2nd portion of the Parent Company Address location of the federal Contractor Facility that was evaluated,varchar(255),Parent Company Address 2
ofccp_cmplnc_evltn,establishment_zip_cd,Establishment Zip Code,The 5-to-9 Digit Zip Code zone where the federal Contractor Facility is located,varchar(25),Establishment Zip Code
ofccp_cmplnc_evltn,parent_company_zip_cd,Parent Company Zip Code,The 5-to-9 Digit Zip Code zone where the Parent Company is located,varchar(25),Parent Company Zip Code
ofccp_cmplnc_evltn,duns_no,Duns Number,The 9 Digit Number assigned by the DUN & Bradstreet Corporation to the federal Contractor Facility,varchar(10),No Label
ofccp_cmplnc_evltn,establishment_city,Establishment City,The City where the federal Contractor Facility is located,varchar(255),Establishment City
ofccp_cmplnc_evltn,parent_company_city,Parent Company City,The City where the Parent Company is located,varchar(255),Parent Company City
ofccp_cmplnc_evltn,date_evaluation_closed,Date Evaluation Closed,The Date on which the compliance evaluation of the federal Contractor Facility was completed,date,Evaluation Closed Date
ofccp_cmplnc_evltn,fy,Fiscal Year,The Fiscal Year in which the Case Record was officially closed,varchar(10),Fiscal Year
ofccp_cmplnc_evltn,contractor_name,Contractor Name,The Name of the federal Contractor Facility that was evaluated,varchar(255),Contractor Name
ofccp_cmplnc_evltn,naics_cd,NAICS Code,The North American Industrial Classification System code assigned to the federal Contractor Facility,varchar(15),NAICS
ofccp_cmplnc_evltn,female_employees,Female Employees,The number of Female Employees identified at the federal Contractor Facility location that was evaluated,int4,Female Employees
ofccp_cmplnc_evltn,minority_employees,Minority Employees,The number of Minority Employees identified at the federal Contractor Facility location that was evaluated,int4,Minority Employees
ofccp_cmplnc_evltn,parent_company_name,Parent Company Name,The Parent Company Name of the federal Contractor Facility that was evaluated,varchar(255),Parent Company Name
ofccp_cmplnc_evltn,establishment_state,Establishment State,The State where the federal Contractor Facility is located,varchar(5),Establishment State
ofccp_cmplnc_evltn,parent_company_state,Parent Company State,The State where the Parent Company is located,varchar(5),Parent Company State
ofccp_cmplnc_evltn,total_employees,Total Employees,The Total number of Employees identified at the federal Contractor Facility location that was evaluated,int4,Total Employees
ofccp_cmplnt_invstgtn,respondent_street,Respondent Street Address Line 1,Respondent Street Address Line 1,varchar(255),Respondent Street
ofccp_cmplnc_evltn,accomodation,Accomodation,"""This field represents whether a Violation regarding OFCCP's ""Accommodation"" regulations was identified during the compliance evaluation process.  This field may contain one of the following:Y = Yes N = No",varchar(1),Accomodation
ofccp_cmplnc_evltn,hiring,Hiring,"""This field represents whether a Violation regarding OFCCP's ""Hiring"" regulations was identified during the compliance evaluation process.  This field may contain one of the following: Y = Yes N = No",varchar(1),Hiring
ofccp_cmplnc_evltn,medical_screening,Medical Screening,"""This field represents whether a Violation regarding OFCCP's ""Medical Screening"" regulations was identified during the compliance evaluation process.  This field may contain one of the following: Y = Yes N = No",varchar(1),Medical Screening
ofccp_cmplnc_evltn,past_performance,Past Performance,"""This field represents whether a Violation regarding OFCCP's ""Past Performance"" regulations was identified during the compliance evaluation process.  This field may contain one of the following:Y = Yes N = No",varchar(1),Past Performance
ofccp_cmplnc_evltn,promotion,Promotion,"""This field represents whether a Violation regarding OFCCP's ""Promotion"" regulations was identified during the compliance evaluation process.  This field may contain one of the following:Y = Yes N = No",varchar(1),Promotion
ofccp_cmplnc_evltn,record_keeping_or_support,Record Keeping or Support,"""This field represents whether a Violation regarding OFCCP's ""Record Keeping"" regulations was identified during the compliance evaluation process.  This field may contain one of the following:",varchar(1),Record Keeping or Support
ofccp_cmplnc_evltn,recruitment,Recruitment,"""This field represents whether a Violation regarding OFCCP's ""Recruitment"" regulations was identified during the compliance evaluation process.  This field may contain one of the following: Y = Yes N = No",varchar(1),Recruitment
ofccp_cmplnc_evltn,salary,Salary,"""This field represents whether a Violation regarding OFCCP's ""Salary"" regulations was identified during the compliance evaluation process.  This field may contain one of the following:Y = Yes N = No",varchar(1),Salary
ofccp_cmplnc_evltn,selection_or_testing,Selection Or Testing,"""This field represents whether a Violation regarding OFCCP's ""Selection or Testing"" regulations was identified during the compliance evaluation process.  This field may contain one of the following:Y = Yes N = No",varchar(1),Selection or Testing
ofccp_cmplnc_evltn,systemic_discrimination,Systemic Discrimination,"""This field represents whether a Violation regarding OFCCP's ""Systemic Discrimination"" regulations was identified during the compliance evaluation process.  This field may contain one of the following:Y = Yes N = No",varchar(1),Systemic Discrimination
ofccp_cmplnt_invstgtn,respondent_street2,Respondent Street Address Line 2,Respondent Street Address Line 2,varchar(255),Respondent Street 2
ofccp_cmplnt_invstgtn,respondent_zip,Respondent Zip Code,Respondent Zip Code,varchar(10),Respondent Zip Code
ofccp_cmplnt_invstgtn,sex,Sex,Sex (M=Male; F=Female),varchar(2),Sex
ofccp_cmplnc_evltn,terminations,Terminations,"""This field represents whether a Violation regarding OFCCP's ""Terminations"" regulations was identified during the compliance evaluation process.  This field may contain one of the following: Y = Yes N = No",varchar(1),Terminations
ofccp_cmplnc_evltn,written_aap,Written AAP,"""This field represents whether a Violation regarding OFCCP's ""Written AAP"" regulations was identified during the compliance evaluation process.  This field may contain one of the following:Y = Yes N = No",varchar(1),Written AAP
ofccp_cmplnt_invstgtn,disability_code,Disability Code,Disability Code,varchar(10),Disability Code
ofccp_cmplnt_invstgtn,fy,Fiscal Year,Fiscal Year,varchar(10),Fiscal Year
ofccp_cmplnt_invstgtn,vevraa_invest_auth,VEVRAA,Indicator (Y=Yes; N=No) for 38 U.S.C. 4212 of the Vietnam Era Veterans' Readjustment Assistance Act of 1974,varchar(1),VEVRAA
ofccp_cmplnt_invstgtn,class_action_complaint,Class Action Complaint,Indicator (Y=Yes; N=No) for Class Action Complaint,varchar(1),Class Action Complaint
ofccp_cmplnt_invstgtn,viol_demotion,Demotion,Indicator (Y=Yes; N=No) for Demotion Violation,varchar(1),Demotion
ofccp_cmplnt_invstgtn,viol_accomodation_disability,Disability Accomodation,Indicator (Y=Yes; N=No) for Disability Accomodation Violation,varchar(1),Accomodation Disability
ofccp_cmplnt_invstgtn,basis_color,Color,Indicator (Y=Yes; N=No) for Discrimination on Basis of Color,varchar(1),Color
ofccp_cmplnt_invstgtn,basis_disabled,Disabled,Indicator (Y=Yes; N=No) for Discrimination on Basis of Disability,varchar(1),Disabled
ofccp_cmplnt_invstgtn,basis_national_origin_hispanic,Hispanic,Indicator (Y=Yes; N=No) for Discrimination on Basis of National Origin (HIspanic),varchar(1),Hispanic
ofccp_cmplnt_invstgtn,basis_national_origin_other,Non-Hispanic,Indicator (Y=Yes; N=No) for Discrimination on Basis of National Origin (Non-HIspanic),varchar(1),Non-Hispanic
ofccp_cmplnt_invstgtn,basis_other,Other Discrimation Basis,Indicator (Y=Yes; N=No) for Discrimination on Basis of Other,varchar(1),Other (2)
ofccp_cmplnt_invstgtn,basis_race_amind_alaskan,American Indican/Alaskan,Indicator (Y=Yes; N=No) for Discrimination on Basis of Race (American Indian/Alaskan),varchar(1),American Indican/Alaskan
ofccp_cmplnt_invstgtn,basis_race_asian_pacific,Asian/Pacific,Indicator (Y=Yes; N=No) for Discrimination on Basis of Race (Asian/Pacific),varchar(1),Asian/Pacific
ofccp_cmplnt_invstgtn,basis_race_black,Black,Indicator (Y=Yes; N=No) for Discrimination on Basis of Race (Black),varchar(1),Black
ofccp_cmplnt_invstgtn,basis_race_white,White,Indicator (Y=Yes; N=No) for Discrimination on Basis of Race (White),varchar(1),White
ofccp_cmplnt_invstgtn,basis_religion,Religion,Indicator (Y=Yes; N=No) for Discrimination on Basis of Religion,varchar(1),Religion
ofccp_cmplnt_invstgtn,basis_sex_female,Female,Indicator (Y=Yes; N=No) for Discrimination on Basis of Sex (Female),varchar(1),Female
ofccp_cmplnt_invstgtn,basis_sex_male,Male,Indicator (Y=Yes; N=No) for Discrimination on Basis of Sex (Male),varchar(1),Male
ofccp_cmplnt_invstgtn,basis_veteran,Veteran,Indicator (Y=Yes; N=No) for Discrimination on Basis of Veteran,varchar(1),Veteran
ofccp_cmplnt_invstgtn,eo_11246_invest_auth,Executive Order 11246,Indicator (Y=Yes; N=No) for Executive Order 11246 Investigative Authority,varchar(1),EO 11246
ofccp_cmplnt_invstgtn,viol_harassment,Harassment,Indicator (Y=Yes; N=No) for Harassment Violation,varchar(1),Harassment
ofccp_cmplnt_invstgtn,viol_hiring,Hiring,Indicator (Y=Yes; N=No) for Hiring Violation,varchar(1),Hiring
ofccp_cmplnt_invstgtn,individual_complaint,Individual Complaint,Indicator (Y=Yes; N=No) for Individual Complaint,varchar(1),Individual Complaint
ofccp_cmplnt_invstgtn,investigation_only_ind,Investigation Only,Indicator (Y=Yes; N=No) for Investigation Only,varchar(1),Investigation Only Indicator
ofccp_cmplnt_invstgtn,viol_job_benefits,Job Benefits,Indicator (Y=Yes; N=No) for Job Benefits Violation,varchar(1),Job Benefits
ofccp_cmplnt_invstgtn,viol_layoff,Layoff,Indicator (Y=Yes; N=No) for Layoff Violation,varchar(1),Layoff
ofccp_cmplnt_invstgtn,multi_region_complaint,Multiregion Complaint,Indicator (Y=Yes; N=No) for Multiregion Complaint,varchar(1),Multiregion Complaint
ofccp_cmplnt_invstgtn,other_invest_auth,Other Investigative Authority,Indicator (Y=Yes; N=No) for Other Investigative Authority,varchar(1),Other
ofccp_cmplnt_invstgtn,viol_other,Other Violation,Indicator (Y=Yes; N=No) for Other Violation,varchar(1),Other Violation
ofccp_cmplnt_invstgtn,viol_pregnancy_leave_policy,Pregnancy Leave Policy,Indicator (Y=Yes; N=No) for Pregnancy Leave Policy Violation,varchar(1),Pregnancy Leave Policy
ofccp_cmplnt_invstgtn,viol_promotion,Promotion,Indicator (Y=Yes; N=No) for Promotion Violation,varchar(1),Promotion
ofccp_cmplnt_invstgtn,viol_recall,Recall,Indicator (Y=Yes; N=No) for Recall Violation,varchar(1),Recall
ofccp_cmplnt_invstgtn,viol_religious_day_observance,Religious Day Observance,Indicator (Y=Yes; N=No) for Religious Day Observance Violation,varchar(1),Religious Day Observance
ofccp_cmplnt_invstgtn,viol_retaliation,Retaliation,Indicator (Y=Yes; N=No) for Retaliation Violation,varchar(1),Retaliation
ofccp_cmplnt_invstgtn,section_503_invest_auth,Section 503,Indicator (Y=Yes; N=No) for Section 503 of the Rehabilitation Act of 1973,varchar(1),Section 503
ofccp_cmplnt_invstgtn,viol_segregated_facilities,Segregated Facilities,Indicator (Y=Yes; N=No) for Segregated Facilities Violation,varchar(1),Segregated Facilities
ofccp_cmplnt_invstgtn,viol_seniority,Seniority,Indicator (Y=Yes; N=No) for Seniority Violation,varchar(1),Seniority
ofccp_cmplnt_invstgtn,viol_termination,Termination,Indicator (Y=Yes; N=No) for Termination Violation,varchar(1),Termination
ofccp_cmplnt_invstgtn,third_party_complaint,Third Party Complaint,Indicator (Y=Yes; N=No) for Third Party Complaint,varchar(1),Third Party Complaint
ofccp_cmplnt_invstgtn,viol_wages,Wages,Indicator (Y=Yes; N=No) for Wages Violation,varchar(1),Wages
ofccp_cmplnt_invstgtn,ld_dt,Load Date Timestamp,Load Date Timestamp,date,No Label
ofccp_cmplnt_invstgtn,respondent_city,Respondent City,Respondent City,varchar(255),Respondent City
ofccp_cmplnt_invstgtn,respondent_duns_no,Respondent Duns Number,Respondent Duns Number,varchar(25),Respondent Duns No
ofccp_cmplnt_invstgtn,respondent_naics_cd,Respondent NAICS,Respondent NAICS,varchar(25),Respondent NAICS
ofccp_cmplnt_invstgtn,respondent_name,Respondent Name,Respondent Name,varchar(255),Respondent Name
ofccp_cmplnt_invstgtn,respondent_state,Respondent State,Respondent State,varchar(10),Respondent State
ofccp_cmplnc_evltn,type_of_closure,Type of Closure,"The Type of Closure identified at the conclusion of the compliance evaluation of the Federal Contractor Facility.  This field may contain one of the following values i.e., Notice of Compliance, Conciliation Agreement, Consent Decree, Financial Agreement.",varchar(50),Closure Type
ofccp_cmplnc_evltn,other,other,This field represents whether a Violation other than the standard list of Violations was identified during the compliance evaluation process.  This field may contain one of the following: Y= Yes N = No,varchar(1),other
